category,class,exact_hits,dynamic_prefix_hits,css_files
A,admin-dropdown-item,2,0,"src/app/admin/admin-theme.css"
A,admin-dropdown-menu,2,0,"src/app/admin/admin-theme.css"
A,ann,17,0,"src/components/layout/AnnouncementBar.css"
A,ann-dot,1,0,"src/components/layout/AnnouncementBar.css"
A,ann-en,3,0,"src/components/layout/AnnouncementBar.css"
A,ann-kr,2,0,"src/components/layout/AnnouncementBar.css"
A,auth-overlay,2,0,"src/components/auth/LoginPage.css"
A,auth-overlay-txt,1,0,"src/components/auth/LoginPage.css"
A,auth-spinner,1,0,"src/components/auth/LoginPage.css"
A,badge-ltd,1,0,"src/app/globals.css"
A,badge-new,1,0,"src/app/globals.css"
A,badge-pop-1,1,0,"src/app/globals.css"
A,badge-pop-2,1,0,"src/app/globals.css"
A,badge-pop-3,1,0,"src/app/globals.css"
A,badge-sold,1,0,"src/app/globals.css"
A,bi-check-box,1,0,"src/components/biz/BizInquiryPage.css"
A,bi-consent-icon,1,0,"src/components/biz/BizInquiryPage.css"
A,bi-consent-input,1,0,"src/components/biz/BizInquiryPage.css"
A,bi-consent-link,1,0,"src/components/biz/BizInquiryPage.css"
A,bi-consent-prefix,2,0,"src/components/biz/BizInquiryPage.css"
A,bi-consent-row,1,0,"src/components/biz/BizInquiryPage.css"
A,bi-consent-text,1,0,"src/components/biz/BizInquiryPage.css"
A,bi-consent-warn,5,0,"src/components/biz/BizInquiryPage.css"
A,bi-dropdown-arrow,2,0,"src/components/biz/BizInquiryPage.css"
A,bi-dropdown-field,3,0,"src/components/biz/BizInquiryPage.css"
A,bi-dropdown-list,2,0,"src/components/biz/BizInquiryPage.css"
A,bi-dropdown-option,2,0,"src/components/biz/BizInquiryPage.css"
A,bi-dropdown-title,2,0,"src/components/biz/BizInquiryPage.css"
A,bi-dropdown-trigger,2,0,"src/components/biz/BizInquiryPage.css"
A,bi-dropdown-value,2,0,"src/components/biz/BizInquiryPage.css"
A,bi-field,5,0,"src/app/globals.css|src/components/biz/BizInquiryPage.css"
A,bi-floating-label,2,0,"src/components/biz/BizInquiryPage.css"
A,bi-form-section,1,0,"src/components/biz/BizInquiryPage.css"
A,bi-multi-dropdown,1,0,"src/components/biz/BizInquiryPage.css"
A,bi-section-fields,1,0,"src/components/biz/BizInquiryPage.css"
A,bi-section-label,1,0,"src/components/biz/BizInquiryPage.css"
A,bi-submit-btn,2,0,"src/app/globals.css|src/components/biz/BizInquiryPage.css"
A,blk,22,0,"src/app/globals.css"
A,blk--bg-secondary,1,0,"src/app/globals.css|src/components/story/StoryPage.css"
A,blk--bg-tertiary,1,0,"src/app/globals.css"
A,blk-label,6,0,"src/app/globals.css|src/components/home/HomePage.css"
A,blk-label--on-dark,2,0,"src/components/home/HomePage.css"
A,cafe-menu-blk,2,0,"src/components/home/HomePage.css"
A,cafe-menu-desc,1,0,"src/components/home/HomePage.css"
A,cafe-menu-h2,1,0,"src/components/home/HomePage.css"
A,cafe-menu-head,1,0,"src/components/home/HomePage.css"
A,cafe-menu-split,1,0,"src/components/home/HomePage.css"
A,cafe-menu-split__items,1,0,"src/components/home/HomePage.css"
A,cafe-menu-split__photo,1,0,"src/components/home/HomePage.css"
A,cart-badge,4,0,"src/components/layout/HeaderIcons.css|src/components/layout/MobileNavDrawer.css|src/components/layout/SiteHeader.css"
A,cd-body,1,0,"src/components/cart/CartDrawer.css"
A,cd-close,1,0,"src/components/cart/CartDrawer.css"
A,cd-count,1,0,"src/components/cart/CartDrawer.css"
A,cd-cta-primary,1,0,"src/components/cart/CartDrawer.css"
A,cd-cta-row,2,0,"src/components/cart/CartDrawer.css"
A,cd-cta-secondary,1,0,"src/components/cart/CartDrawer.css"
A,cd-empty,3,0,"src/components/cart/CartDrawer.css"
A,cd-empty-icon,1,0,"src/components/cart/CartDrawer.css"
A,cd-empty-msg,1,0,"src/components/cart/CartDrawer.css"
A,cd-footer,1,0,"src/components/cart/CartDrawer.css"
A,cd-header,2,0,"src/components/cart/CartDrawer.css"
A,cd-items,2,0,"src/components/cart/CartDrawer.css"
A,cd-note,1,0,"src/components/cart/CartDrawer.css"
A,cd-shipping-item,1,0,"src/components/cart/CartDrawer.css"
A,cd-si-label,1,0,"src/components/cart/CartDrawer.css"
A,cd-si-main,1,0,"src/components/cart/CartDrawer.css"
A,cd-si-notice,1,0,"src/components/cart/CartDrawer.css"
A,cd-si-price,1,0,"src/components/cart/CartDrawer.css"
A,cd-subtotal-label,1,0,"src/components/cart/CartDrawer.css"
A,cd-subtotal-price,1,0,"src/components/cart/CartDrawer.css"
A,cd-title,2,0,"src/components/cart/CartDrawer.css"
A,cd-title-wrap,1,0,"src/components/cart/CartDrawer.css"
A,cd-total-row,1,0,"src/components/cart/CartDrawer.css"
A,checked,42,0,"src/app/globals.css|src/components/biz/BizInquiryPage.css"
A,chp-addr-inline,2,0,"src/app/globals.css"
A,chp-addr-search-btn,2,0,"src/app/globals.css"
A,chp-agree-all-label,1,0,"src/app/globals.css"
A,chp-agree-all-row,1,0,"src/app/globals.css"
A,chp-agree-arrow,1,0,"src/app/globals.css"
A,chp-agree-item,2,0,"src/app/globals.css"
A,chp-agree-item-label,1,0,"src/app/globals.css"
A,chp-agree-items,1,0,"src/app/globals.css"
A,chp-agree-section,1,0,"src/app/globals.css"
A,chp-back-full,1,0,"src/app/globals.css"
A,chp-back-short,1,0,"src/app/globals.css"
A,chp-body,1,0,"src/app/globals.css"
A,chp-check-icon,2,0,"src/app/globals.css"
A,chp-dropdown-arrow,1,0,"src/app/globals.css"
A,chp-dropdown-field,1,0,"src/app/globals.css"
A,chp-dropdown-title,1,0,"src/app/globals.css"
A,chp-dropdown-trigger,1,0,"src/app/globals.css"
A,chp-empty,3,0,"src/app/globals.css"
A,chp-empty-icon,1,0,"src/app/globals.css"
A,chp-empty-msg,1,0,"src/app/globals.css"
A,chp-field,17,0,"src/app/globals.css"
A,chp-floating-label,4,0,"src/app/globals.css"
A,chp-guest-link,2,0,"src/app/globals.css"
A,chp-guest-link-wrap,1,0,"src/app/globals.css"
A,chp-hdr-inner,1,0,"src/app/globals.css"
A,chp-hdr-wrap,2,0,"src/app/globals.css"
A,chp-helper,2,0,"src/app/globals.css"
A,chp-input,13,0,"src/app/globals.css"
A,chp-input-action,5,0,"src/app/globals.css"
A,chp-input-actions,1,0,"src/app/globals.css"
A,chp-left,1,0,"src/app/globals.css"
A,chp-legal-link,5,0,"src/app/globals.css"
A,chp-legal-links,1,0,"src/app/globals.css"
A,chp-legal-note,1,0,"src/app/globals.css"
A,chp-login-benefit,1,0,"src/app/globals.css"
A,chp-login-primary-btn,1,0,"src/app/globals.css"
A,chp-logo-img,1,0,"src/app/globals.css"
A,chp-right,2,0,"src/app/globals.css"
A,chp-right-title,1,0,"src/app/globals.css"
A,chp-section,23,0,"src/app/globals.css"
A,chp-section--guest,1,0,"src/app/globals.css"
A,chp-section-desc,1,0,"src/app/globals.css"
A,chp-section-header,1,0,"src/app/globals.css"
A,chp-section-title,6,0,"src/app/globals.css"
A,chp-select-content,1,0,"src/app/globals.css"
A,chp-select-item,1,0,"src/app/globals.css"
A,chp-skel-addr,1,0,"src/app/globals.css"
A,chp-skel-field,5,0,"src/app/globals.css"
A,chp-submit-btn,2,0,"src/app/globals.css"
A,chp-sum-row,2,0,"src/app/globals.css"
A,chp-sum-sub-block,1,0,"src/app/globals.css"
A,chp-sum-total-row,1,0,"src/app/globals.css"
A,chp-summary-totals,1,0,"src/app/globals.css"
A,chp-tax-note,1,0,"src/app/globals.css"
A,chp-textarea,4,0,"src/app/globals.css"
A,chp-textarea-clear,1,0,"src/app/globals.css"
A,cm-card,18,0,"src/components/cafe/CafeMenuPage.css"
A,cm-card--highlight,1,0,"src/components/cafe/CafeMenuPage.css"
A,cm-card-badges,2,0,"src/components/cafe/CafeMenuPage.css"
A,cm-card-img,1,0,"src/components/cafe/CafeMenuPage.css"
A,cm-card-info,3,0,"src/components/cafe/CafeMenuPage.css"
A,cm-card-name,1,0,"src/components/cafe/CafeMenuPage.css"
A,cm-card-price,1,0,"src/components/cafe/CafeMenuPage.css"
A,cm-card-thumb,5,0,"src/components/cafe/CafeMenuPage.css"
A,cm-filter-signature-icon,1,0,"src/components/cafe/CafeMenuPage.css"
A,cm-filter-tab,3,0,"src/components/cafe/CafeMenuPage.css"
A,cm-like-count,5,0,"src/components/cafe/CafeMenuPage.css"
A,cm-like-count--liked,1,0,"src/components/cafe/CafeMenuPage.css"
A,cm-like-count-icon,1,0,"src/components/cafe/CafeMenuPage.css"
A,cm-like-count-num,1,0,"src/components/cafe/CafeMenuPage.css"
A,cm-like-particle,1,0,"src/components/cafe/CafeMenuPage.css"
A,cm-menu-name-with-sig,2,0,"src/components/cafe/CafeMenuPage.css"
A,cm-meta-badge,8,0,"src/components/cafe/CafeMenuPage.css"
A,cm-meta-badge--new,1,0,"src/components/cafe/CafeMenuPage.css"
A,cm-meta-badge--popular,1,0,"src/components/cafe/CafeMenuPage.css"
A,cm-meta-badge--season,2,0,"src/components/cafe/CafeMenuPage.css"
A,cm-meta-badge--sold,1,0,"src/components/cafe/CafeMenuPage.css"
A,cm-signature-icon,2,0,"src/components/cafe/CafeMenuPage.css"
A,cm-tab-label,1,0,"src/components/cafe/CafeMenuPage.css"
A,cmsplit-desc,1,0,"src/components/home/HomePage.css"
A,cmsplit-info,1,0,"src/components/home/HomePage.css"
A,cmsplit-name,1,0,"src/components/home/HomePage.css"
A,cmsplit-photo-link,1,0,"src/components/home/HomePage.css"
A,cmsplit-row,1,0,"src/components/home/HomePage.css"
A,cmsplit-status,1,0,"src/components/home/HomePage.css"
A,cmsplit-thumb,1,0,"src/components/home/HomePage.css"
A,cns-allergen,4,0,"src/components/cafe/CafeMenuPage.css"
A,cns-allergen-chip,1,0,"src/components/cafe/CafeMenuPage.css"
A,cns-allergen-chips,1,0,"src/components/cafe/CafeMenuPage.css"
A,cns-allergen-title,1,0,"src/components/cafe/CafeMenuPage.css"
A,cns-category-label,1,0,"src/components/cafe/CafeMenuPage.css"
A,cns-category-row,1,0,"src/components/cafe/CafeMenuPage.css"
A,cns-content,1,0,"src/app/globals.css|src/components/cafe/CafeMenuPage.css"
A,cns-head,3,0,"src/components/cafe/CafeMenuPage.css"
A,cns-head-top,2,0,"src/components/cafe/CafeMenuPage.css"
A,cns-image,2,0,"src/components/cafe/CafeMenuPage.css"
A,cns-image-wrap,1,0,"src/components/cafe/CafeMenuPage.css"
A,cns-item-desc,1,0,"src/components/cafe/CafeMenuPage.css"
A,cns-item-name,1,0,"src/components/cafe/CafeMenuPage.css"
A,cns-item-volume,1,0,"src/components/cafe/CafeMenuPage.css"
A,cns-like--popping,1,0,"src/components/cafe/CafeMenuPage.css"
A,cns-like-count,1,0,"src/components/cafe/CafeMenuPage.css"
A,cns-like-icon,1,0,"src/components/cafe/CafeMenuPage.css"
A,cns-row,3,0,"src/components/cafe/CafeMenuPage.css"
A,cns-row-label,1,0,"src/components/cafe/CafeMenuPage.css"
A,cns-row-value,1,0,"src/components/cafe/CafeMenuPage.css"
A,cns-sticky-actions,1,0,"src/components/cafe/CafeMenuPage.css"
A,cns-table,1,0,"src/components/cafe/CafeMenuPage.css"
A,cns-temp-pill,2,0,"src/components/cafe/CafeMenuPage.css"
A,cns-title-col,1,0,"src/components/cafe/CafeMenuPage.css"
A,cp-continue-cta,1,0,"src/app/globals.css"
A,cp-cta-area,1,0,"src/app/globals.css"
A,cp-empty,3,0,"src/app/globals.css"
A,cp-empty-icon,1,0,"src/app/globals.css"
A,cp-empty-msg,1,0,"src/app/globals.css"
A,cp-footer,1,0,"src/app/globals.css"
A,cp-order-btn,1,0,"src/app/globals.css"
A,cp-page-header,2,0,"src/app/globals.css"
A,cp-root,2,0,"src/app/globals.css"
A,cp-shipping-label,2,0,"src/app/globals.css"
A,cp-shipping-main,2,0,"src/app/globals.css"
A,cp-shipping-notice,2,0,"src/app/globals.css"
A,cp-shipping-price,2,0,"src/app/globals.css"
A,cp-shipping-row,3,0,"src/app/globals.css"
A,cp-skel-footer,3,0,"src/app/globals.css"
A,cp-skel-footer-btn,1,0,"src/app/globals.css"
A,cp-skel-subtotal,1,0,"src/app/globals.css"
A,cp-subtotal-label,1,0,"src/app/globals.css"
A,cp-subtotal-price,1,0,"src/app/globals.css"
A,cp-tax-note,1,0,"src/app/globals.css"
A,cp-title-text,1,0,"src/app/globals.css"
A,cta-btn,14,0,"src/app/globals.css"
A,cta-btn-light-filled,2,0,"src/app/globals.css"
A,cta-btn-light-outline,5,0,"src/app/globals.css"
A,disabled,282,0,"src/app/globals.css|src/components/product/ProductDetailPage.css"
A,emph-closed,2,0,"src/app/globals.css"
A,emph-time,2,0,"src/app/globals.css"
A,error-page,5,0,"src/app/globals.css"
A,error-page-actions,1,0,"src/app/globals.css"
A,error-page-home,1,0,"src/app/globals.css"
A,error-page-msg,1,0,"src/app/globals.css"
A,error-page-retry,1,0,"src/app/globals.css"
A,ev-banner,7,0,"src/components/home/HomePage.css"
A,ev-banner-bleed,2,0,"src/components/home/HomePage.css"
A,ev-banner-iframe,4,0,"src/components/home/HomePage.css"
A,f-biz-inline,2,0,"src/components/layout/SiteFooter.css"
A,f-biz-lookup,2,0,"src/components/layout/SiteFooter.css"
A,f-biz-sep,16,0,"src/components/layout/SiteFooter.css"
A,f-biz-toggle,2,0,"src/components/layout/SiteFooter.css"
A,f-bottom-row,2,0,"src/components/layout/SiteFooter.css"
A,f-bottom-sep,3,0,"src/components/layout/SiteFooter.css"
A,f-bottom-wrap,5,0,"src/components/layout/SiteFooter.css"
A,f-brand,1,0,"src/components/layout/SiteFooter.css"
A,f-col-title,3,0,"src/components/layout/SiteFooter.css"
A,f-cols,1,0,"src/components/layout/SiteFooter.css"
A,f-copyright,2,0,"src/components/layout/SiteFooter.css"
A,f-inner,1,0,"src/app/globals.css|src/components/layout/SiteFooter.css"
A,f-legal-link,2,0,"src/components/layout/SiteFooter.css"
A,f-logo,1,0,"src/components/layout/SiteFooter.css"
A,f-sns-icon,1,0,"src/components/layout/SiteFooter.css"
A,f-tagline,1,0,"src/components/layout/SiteFooter.css"
A,footer,88,0,"src/app/globals.css|src/components/layout/SiteFooter.css"
A,footer-col-link,6,0,"src/components/layout/SiteFooter.css"
A,footer-sns-link,1,0,"src/components/layout/SiteFooter.css"
A,gd-cell,8,0,"src/components/gooddays/GoodDaysPage.css"
A,gd-cell--placeholder,3,0,"src/components/gooddays/GoodDaysPage.css"
A,gd-cell--span,1,0,"src/components/gooddays/GoodDaysPage.css"
A,gd-controls-hidden,3,0,"src/components/gooddays/GoodDaysPage.css"
A,gd-grid,3,0,"src/components/gooddays/GoodDaysPage.css"
A,gd-lightbox,3,0,"src/components/gooddays/GoodDaysPage.css"
A,gd-row,12,0,"src/components/gooddays/GoodDaysPage.css"
A,gd-row--a,2,0,"src/components/gooddays/GoodDaysPage.css"
A,gd-row--b,2,0,"src/components/gooddays/GoodDaysPage.css"
A,gd-row--c,2,0,"src/components/gooddays/GoodDaysPage.css"
A,gd-row--d,2,0,"src/components/gooddays/GoodDaysPage.css"
A,gd-row--e,2,0,"src/components/gooddays/GoodDaysPage.css"
A,gd-tap-flash,2,0,"src/components/gooddays/GoodDaysPage.css"
A,gd-tap-zone,4,0,"src/components/gooddays/GoodDaysPage.css"
A,gd-tap-zone--next,1,0,"src/components/gooddays/GoodDaysPage.css"
A,gd-tap-zone--prev,1,0,"src/components/gooddays/GoodDaysPage.css"
A,grain-overlay,1,0,"src/components/home/HomePage.css"
A,gtr-admin,10,0,"src/app/admin/admin-theme.css"
A,gtr-mono,27,0,"src/app/admin/admin-theme.css"
A,gtr-tnum,10,0,"src/app/admin/admin-theme.css"
A,hdr,37,0,"src/app/globals.css|src/components/layout/SiteHeader.css"
A,hdr-icon-btn,4,0,"src/app/globals.css|src/components/layout/HeaderIcons.css|src/components/layout/SiteHeader.css"
A,hdr-icon-user,1,0,"src/components/layout/SiteHeader.css"
A,hdr-icons,1,0,"src/components/layout/SiteHeader.css"
A,hdr-left,1,0,"src/components/layout/SiteHeader.css"
A,hdr-menu-toggle,1,0,"src/components/layout/HeaderIcons.css|src/components/layout/SiteHeader.css"
A,hdr-nav,1,0,"src/components/layout/SiteHeader.css"
A,hero,63,0,"src/app/globals.css|src/components/home/HomePage.css"
A,hero-bg,4,0,"src/components/home/HomePage.css"
A,hero-bg-overlay,1,0,"src/components/home/HomePage.css"
A,hero-bg-placeholder,1,0,"src/components/home/HomePage.css"
A,hero-c,1,0,"src/app/globals.css|src/components/home/HomePage.css"
A,hero-scroll-mouse,1,0,"src/components/home/HomePage.css"
A,hero-slogan,5,0,"src/components/home/HomePage.css"
A,hero-slogan-line,4,0,"src/components/home/HomePage.css"
A,hero-slogan-line--1,1,0,"src/components/home/HomePage.css"
A,hero-slogan-line--2,1,0,"src/components/home/HomePage.css"
A,hi,17,0,"src/components/layout/HeaderIcons.css|src/components/layout/SiteHeader.css"
A,is-tapping,5,0,"src/app/globals.css"
A,legal-accordion-list,1,0,"src/components/legal/LegalPage.css"
A,legal-body,1,0,"src/components/legal/LegalPage.css"
A,legal-bullets,1,0,"src/components/legal/LegalPage.css"
A,legal-def-row,1,0,"src/components/legal/LegalPage.css"
A,legal-defs,1,0,"src/components/legal/LegalPage.css"
A,legal-effective,1,0,"src/components/legal/LegalPage.css"
A,legal-footer,1,0,"src/components/legal/LegalPage.css"
A,legal-hero,2,0,"src/components/legal/LegalPage.css"
A,legal-highlight,1,0,"src/components/legal/LegalPage.css"
A,legal-intro,1,0,"src/components/legal/LegalPage.css"
A,legal-link,9,0,"src/components/legal/LegalPage.css"
A,legal-page,2,0,"src/components/legal/LegalPage.css"
A,legal-paragraph,1,0,"src/components/legal/LegalPage.css"
A,legal-section,2,0,"src/components/legal/LegalPage.css"
A,legal-section-heading,1,0,"src/components/legal/LegalPage.css"
A,legal-shell,2,0,"src/components/legal/LegalPage.css"
A,legal-side,7,0,"src/components/legal/LegalPage.css|src/components/legal/LegalSideNav.css"
A,legal-side-indicator,1,0,"src/components/legal/LegalSideNav.css"
A,legal-side-link,3,0,"src/components/legal/LegalSideNav.css"
A,legal-side-list,1,0,"src/components/legal/LegalSideNav.css"
A,legal-title,1,0,"src/components/legal/LegalPage.css"
A,lineup-blk,1,0,"src/components/home/HomePage.css"
A,lineup-eyebrow,1,0,"src/components/home/HomePage.css"
A,lineup-grid,2,0,"src/components/home/HomePage.css"
A,lineup-header,1,0,"src/components/home/HomePage.css"
A,lineup-heading,1,0,"src/components/home/HomePage.css"
A,lineup-row,2,0,"src/components/home/HomePage.css"
A,lp-body,1,0,"src/components/auth/LoginPage.css"
A,lp-divider-line,2,0,"src/components/auth/LoginPage.css"
A,lp-divider-txt,1,0,"src/components/auth/LoginPage.css"
A,lp-divider-wrap,1,0,"src/components/auth/LoginPage.css"
A,lp-forgot,1,0,"src/components/auth/LoginPage.css"
A,lp-guest-order-btn,1,0,"src/components/auth/LoginPage.css"
A,lp-guest-order-wrap,1,0,"src/components/auth/LoginPage.css"
A,lp-left,1,0,"src/components/auth/LoginPage.css"
A,lp-page-title,1,0,"src/components/auth/LoginPage.css"
A,lp-right,1,0,"src/components/auth/LoginPage.css"
A,lp-social,13,0,"src/components/auth/LoginPage.css"
A,lp-social-btn,6,0,"src/components/auth/LoginPage.css"
A,lp-social-btn--google,1,0,"src/components/auth/LoginPage.css"
A,lp-social-btn--kakao,1,0,"src/components/auth/LoginPage.css"
A,lp-social-btn--naver,1,0,"src/components/auth/LoginPage.css"
A,lp-social-icon,3,0,"src/components/auth/LoginPage.css"
A,lp-social-label,3,0,"src/components/auth/LoginPage.css"
A,lp-submit-btn,4,0,"src/app/globals.css|src/components/auth/LoginPage.css"
A,lp-submit-error,2,0,"src/components/auth/LoginPage.css"
A,lp-submit-notice,1,0,"src/components/auth/LoginPage.css"
A,lp-switch-link,2,0,"src/components/auth/LoginPage.css"
A,lp-switch-txt,1,0,"src/components/auth/LoginPage.css"
A,lp-switch-wrap,1,0,"src/components/auth/LoginPage.css"
A,menu-tab,1,0,"src/components/home/HomePage.css"
A,mn-account-link-inline,2,0,"src/components/layout/MobileNavDrawer.css"
A,mn-account-row,1,0,"src/components/layout/MobileNavDrawer.css"
A,mn-account-sep,1,0,"src/components/layout/MobileNavDrawer.css"
A,mn-cart,1,0,"src/components/layout/MobileNavDrawer.css"
A,mn-close,1,0,"src/components/layout/MobileNavDrawer.css"
A,mn-f-biz-detail,1,0,"src/components/layout/MobileNavDrawer.css"
A,mn-f-biz-lookup,1,0,"src/components/layout/MobileNavDrawer.css"
A,mn-f-biz-sep,8,0,"src/components/layout/MobileNavDrawer.css"
A,mn-f-biz-toggle,1,0,"src/components/layout/MobileNavDrawer.css"
A,mn-f-copyright,1,0,"src/components/layout/MobileNavDrawer.css"
A,mn-f-legal,3,0,"src/components/layout/MobileNavDrawer.css"
A,mn-f-row,1,0,"src/components/layout/MobileNavDrawer.css"
A,mn-f-sep,3,0,"src/components/layout/MobileNavDrawer.css"
A,mn-footer,1,0,"src/components/layout/MobileNavDrawer.css"
A,mn-header,2,0,"src/components/layout/MobileNavDrawer.css"
A,mn-header-actions,1,0,"src/components/layout/MobileNavDrawer.css"
A,mn-link,9,0,"src/components/layout/MobileNavDrawer.css"
A,mn-link-arrow,5,0,"src/components/layout/MobileNavDrawer.css"
A,mn-link-text,2,0,"src/components/layout/MobileNavDrawer.css"
A,mn-logo,1,0,"src/components/layout/MobileNavDrawer.css"
A,mn-nav,1,0,"src/components/layout/MobileNavDrawer.css"
A,mn-slogan,1,0,"src/components/layout/MobileNavDrawer.css"
A,mn-sub-link,1,0,"src/components/layout/MobileNavDrawer.css"
A,mn-user-wrap,1,0,"src/components/layout/MobileNavDrawer.css"
A,mn-welcome-txt,1,0,"src/components/layout/MobileNavDrawer.css"
A,mouse-wheel,1,0,"src/components/home/HomePage.css"
A,mp-addr-icon-btn,1,0,"src/components/auth/MyPagePage.css"
A,mp-body,4,0,"src/app/globals.css|src/components/auth/MyPagePage.css"
A,mp-cancel-btn,6,0,"src/app/globals.css|src/components/auth/MyPagePage.css"
A,mp-cancel-link,1,0,"src/components/auth/MyPagePage.css"
A,mp-chevron,2,0,"src/components/auth/MyPagePage.css"
A,mp-cycle-chevron,1,0,"src/components/auth/MyPagePage.css"
A,mp-cycle-dropdown-wrap,1,0,"src/components/auth/MyPagePage.css"
A,mp-cycle-trigger,1,0,"src/components/auth/MyPagePage.css"
A,mp-empty-state,4,0,"src/components/auth/MyPagePage.css"
A,mp-form-reveal,11,0,"src/components/auth/MyPagePage.css"
A,mp-form-reveal--sub,1,0,"src/components/auth/MyPagePage.css"
A,mp-form-reveal-actions,4,0,"src/components/auth/MyPagePage.css"
A,mp-form-reveal-inner,3,0,"src/components/auth/MyPagePage.css"
A,mp-grid,3,0,"src/components/auth/MyPagePage.css"
A,mp-hero-cta,3,0,"src/components/auth/mypage/NextDeliveryCard.css"
A,mp-hero-greeting-line,2,0,"src/components/auth/mypage/HeroGreeting.css"
A,mp-hero-logout,1,0,"src/components/auth/mypage/HeroGreeting.css"
A,mp-hero-meta,5,0,"src/components/auth/mypage/HeroGreeting.css"
A,mp-hero-meta-link,1,0,"src/components/auth/mypage/HeroGreeting.css"
A,mp-hero-meta-row,2,0,"src/components/auth/mypage/HeroGreeting.css|src/components/auth/MyPagePage.css"
A,mp-hero-meta-sep,1,0,"src/components/auth/mypage/HeroGreeting.css"
A,mp-icon-btn,3,0,"src/components/auth/MyPagePage.css"
A,mp-info-addr-action,1,0,"src/components/auth/MyPagePage.css"
A,mp-info-addr-line,2,0,"src/components/auth/MyPagePage.css"
A,mp-info-addr-line--detail,1,0,"src/components/auth/MyPagePage.css"
A,mp-info-addr-lines,1,0,"src/components/auth/MyPagePage.css"
A,mp-info-addr-right,1,0,"src/components/auth/MyPagePage.css"
A,mp-info-addr-road,1,0,"src/components/auth/MyPagePage.css"
A,mp-info-addr-text,1,0,"src/components/auth/MyPagePage.css"
A,mp-info-label,8,0,"src/components/auth/MyPagePage.css"
A,mp-info-row,14,0,"src/components/auth/MyPagePage.css"
A,mp-info-row--action,1,0,"src/components/auth/MyPagePage.css"
A,mp-info-row--addr,1,0,"src/components/auth/MyPagePage.css"
A,mp-info-row-top,1,0,"src/components/auth/MyPagePage.css"
A,mp-info-value,7,0,"src/components/auth/MyPagePage.css"
A,mp-modal,23,0,"src/components/auth/MyPagePage.css"
A,mp-modal-actions,2,0,"src/components/auth/MyPagePage.css"
A,mp-modal-cancel,2,0,"src/app/globals.css|src/components/auth/MyPagePage.css"
A,mp-modal-confirm,5,0,"src/app/globals.css|src/components/auth/MyPagePage.css"
A,mp-modal-confirm--danger,3,0,"src/components/auth/MyPagePage.css"
A,mp-modal-desc,2,0,"src/components/auth/MyPagePage.css"
A,mp-modal-overlay,2,0,"src/components/auth/MyPagePage.css"
A,mp-modal-title,2,0,"src/components/auth/MyPagePage.css"
A,mp-newsletter-status,1,0,"src/components/auth/MyPagePage.css"
A,mp-newsletter-toggle,1,0,"src/components/auth/MyPagePage.css"
A,mp-next-card,12,0,"src/components/auth/mypage/NextDeliveryCard.css|src/components/auth/MyPagePage.css"
A,mp-next-image,11,0,"src/components/auth/mypage/NextDeliveryCard.css"
A,mp-next-image-img,3,0,"src/components/auth/mypage/NextDeliveryCard.css"
A,mp-next-image-placeholder,4,0,"src/components/auth/mypage/NextDeliveryCard.css"
A,mp-next-info,4,0,"src/components/auth/mypage/NextDeliveryCard.css"
A,mp-next-meta,2,0,"src/components/auth/mypage/NextDeliveryCard.css"
A,mp-next-name,4,0,"src/components/auth/mypage/NextDeliveryCard.css"
A,mp-next-volume,2,0,"src/components/auth/mypage/NextDeliveryCard.css"
A,mp-order-card,5,0,"src/components/auth/MyPagePage.css"
A,mp-order-content,2,0,"src/components/auth/MyPagePage.css"
A,mp-order-content-left,1,0,"src/components/auth/MyPagePage.css"
A,mp-order-copy-btn,1,0,"src/components/auth/MyPagePage.css"
A,mp-order-date,1,0,"src/components/auth/MyPagePage.css"
A,mp-order-detail,1,0,"src/components/auth/MyPagePage.css"
A,mp-order-items,3,0,"src/components/auth/MyPagePage.css"
A,mp-order-items-inner,1,0,"src/components/auth/MyPagePage.css"
A,mp-order-meta,2,0,"src/components/auth/MyPagePage.css"
A,mp-order-meta-left,1,0,"src/components/auth/MyPagePage.css"
A,mp-order-number,2,0,"src/components/auth/MyPagePage.css"
A,mp-order-number-row,1,0,"src/components/auth/MyPagePage.css"
A,mp-order-price,2,0,"src/components/auth/MyPagePage.css"
A,mp-order-price-row,1,0,"src/components/auth/MyPagePage.css"
A,mp-order-shipping-note,1,0,"src/components/auth/MyPagePage.css"
A,mp-order-status,11,0,"src/components/auth/MyPagePage.css"
A,mp-order-status--cancelled,1,0,"src/components/auth/MyPagePage.css"
A,mp-order-status--delivered,1,0,"src/components/auth/MyPagePage.css"
A,mp-order-status--prep,1,0,"src/components/auth/MyPagePage.css"
A,mp-order-status--refund-proc,1,0,"src/components/auth/MyPagePage.css"
A,mp-order-status--refund-req,1,0,"src/components/auth/MyPagePage.css"
A,mp-order-status--refunded,1,0,"src/components/auth/MyPagePage.css"
A,mp-order-status--shipping,1,0,"src/components/auth/MyPagePage.css"
A,mp-order-summary,1,0,"src/components/auth/MyPagePage.css"
A,mp-order-toggle,1,0,"src/components/auth/MyPagePage.css"
A,mp-panel,4,0,"src/components/auth/mypage/MyPagePanel.css"
A,mp-panel-body,1,0,"src/components/auth/mypage/MyPagePanel.css"
A,mp-panel-title,1,0,"src/components/auth/mypage/MyPagePanel.css"
A,mp-recent-meta,1,0,"src/components/auth/mypage/RecentOrderCard.css"
A,mp-recent-status,18,0,"src/components/auth/mypage/RecentOrderCard.css"
A,mp-recent-status--cancelled,2,0,"src/components/auth/mypage/RecentOrderCard.css"
A,mp-recent-status--delivered,2,0,"src/components/auth/mypage/RecentOrderCard.css"
A,mp-recent-status--prep,2,0,"src/components/auth/mypage/RecentOrderCard.css"
A,mp-recent-status--refund-proc,2,0,"src/components/auth/mypage/RecentOrderCard.css"
A,mp-recent-status--refund-req,2,0,"src/components/auth/mypage/RecentOrderCard.css"
A,mp-recent-status--refunded,2,0,"src/components/auth/mypage/RecentOrderCard.css"
A,mp-recent-status--shipping,2,0,"src/components/auth/mypage/RecentOrderCard.css"
A,mp-recent-summary,1,0,"src/components/auth/mypage/RecentOrderCard.css"
A,mp-save-btn,3,0,"src/app/globals.css|src/components/auth/MyPagePage.css"
A,mp-section-body,5,0,"src/components/auth/MyPagePage.css"
A,mp-side-nav,12,0,"src/components/auth/mypage/MyPageSideNav.css"
A,mp-side-nav-count,1,0,"src/components/auth/mypage/MyPageSideNav.css"
A,mp-side-nav-indicator,1,0,"src/components/auth/mypage/MyPageSideNav.css"
A,mp-side-nav-item,4,0,"src/components/auth/mypage/MyPageSideNav.css"
A,mp-side-nav-list,2,0,"src/components/auth/mypage/MyPageSideNav.css"
A,mp-sub-accent,2,0,"src/components/auth/MyPagePage.css"
A,mp-sub-apply-link,1,0,"src/components/auth/MyPagePage.css"
A,mp-sub-cancel-inline,1,0,"src/components/auth/MyPagePage.css"
A,mp-sub-controls,1,0,"src/components/auth/MyPagePage.css"
A,mp-sub-cycle-change,1,0,"src/components/auth/MyPagePage.css"
A,mp-sub-cycle-divider,1,0,"src/components/auth/MyPagePage.css"
A,mp-sub-edit-btn,1,0,"src/components/auth/MyPagePage.css"
A,mp-sub-item,9,0,"src/components/auth/MyPagePage.css"
A,mp-sub-item-info,1,0,"src/components/auth/MyPagePage.css"
A,mp-sub-item-name,1,0,"src/components/auth/MyPagePage.css"
A,mp-sub-item-status,3,0,"src/components/auth/MyPagePage.css"
A,mp-sub-item-status--paused,1,0,"src/components/auth/MyPagePage.css"
A,mp-sub-item-top,1,0,"src/components/auth/MyPagePage.css"
A,mp-sub-item-vol,2,0,"src/components/auth/MyPagePage.css"
A,mp-sub-next-right,1,0,"src/components/auth/MyPagePage.css"
A,mp-sub-paused-notice,1,0,"src/components/auth/MyPagePage.css"
A,mp-sub-toggle-chevron,1,0,"src/components/auth/MyPagePage.css"
A,mp-sub-toggle-close,1,0,"src/components/auth/MyPagePage.css"
A,mp-switch,2,0,"src/components/auth/MyPagePage.css"
A,mp-switch-thumb,1,0,"src/components/auth/MyPagePage.css"
A,nav-link,4,0,"src/components/layout/HeaderIcons.css|src/components/layout/SiteHeader.css"
A,newsletter-body,1,0,"src/components/home/HomePage.css"
A,newsletter-btn,1,0,"src/components/home/HomePage.css"
A,newsletter-form,1,0,"src/components/home/HomePage.css"
A,newsletter-h,1,0,"src/components/home/HomePage.css"
A,newsletter-inner,1,0,"src/components/home/HomePage.css"
A,newsletter-input,1,0,"src/components/home/HomePage.css"
A,newsletter-msg,4,0,"src/components/home/HomePage.css"
A,newsletter-msg--error,1,0,"src/components/home/HomePage.css"
A,newsletter-msg--success,1,0,"src/components/home/HomePage.css"
A,newsletter-section,1,0,"src/components/home/HomePage.css"
A,no-nav,2,0,"src/components/product/ProductDetailPage.css"
A,oc-cta,4,0,"src/components/checkout/OrderShippingSection.css"
A,oc-cta--primary,1,0,"src/components/checkout/OrderShippingSection.css"
A,oc-cta--secondary,1,0,"src/components/checkout/OrderShippingSection.css"
A,oc-email,1,0,"src/components/checkout/OrderEmailFooter.css"
A,oc-email__addr,1,0,"src/components/checkout/OrderEmailFooter.css"
A,oc-email__line,1,0,"src/components/checkout/OrderEmailFooter.css"
A,oc-hero,11,0,"src/components/checkout/OrderCompleteHero.css"
A,oc-hero-body,1,0,"src/components/checkout/OrderCompleteHero.css|src/components/checkout/OrderCompletePage.css"
A,oc-hero-eyebrow,1,0,"src/components/checkout/OrderCompleteHero.css|src/components/checkout/OrderCompletePage.css"
A,oc-hero-meta,6,0,"src/components/checkout/OrderCompleteHero.css|src/components/checkout/OrderCompletePage.css"
A,oc-hero-meta-block,1,0,"src/components/checkout/OrderCompleteHero.css"
A,oc-hero-meta-copy,1,0,"src/components/checkout/OrderCompleteHero.css"
A,oc-hero-meta-lab,1,0,"src/components/checkout/OrderCompleteHero.css"
A,oc-hero-meta-val,1,0,"src/components/checkout/OrderCompleteHero.css"
A,oc-hero-meta-value-row,1,0,"src/components/checkout/OrderCompleteHero.css"
A,oc-hero-title,2,0,"src/components/checkout/OrderCompleteHero.css|src/components/checkout/OrderCompletePage.css"
A,oc-hero-title-br,1,0,"src/components/checkout/OrderCompleteHero.css"
A,oc-section,1,0,"src/components/checkout/OrderCompletePage.css|src/components/checkout/OrderItemsSection.css"
A,oc-section__totals,1,0,"src/components/checkout/OrderItemsSection.css"
A,oc-ship,1,0,"src/components/checkout/OrderShippingSection.css"
A,oc-ship__col,2,0,"src/components/checkout/OrderShippingSection.css"
A,oc-ship__cols,1,0,"src/components/checkout/OrderShippingSection.css"
A,oc-ship__content,2,0,"src/components/checkout/OrderShippingSection.css"
A,oc-ship__cta,1,0,"src/components/checkout/OrderShippingSection.css"
A,oc-ship__label,2,0,"src/components/checkout/OrderShippingSection.css"
A,oc-ship__name,1,0,"src/components/checkout/OrderShippingSection.css"
A,oc-ship__note,1,0,"src/components/checkout/OrderShippingSection.css"
A,oc-ship__phone,1,0,"src/components/checkout/OrderShippingSection.css"
A,oc-ship__zip,1,0,"src/components/checkout/OrderShippingSection.css"
A,oc-totals__grand-right,1,0,"src/components/checkout/OrderItemsSection.css"
A,oc-totals__num,6,0,"src/components/checkout/OrderItemsSection.css"
A,oc-totals__num--free,1,0,"src/components/checkout/OrderItemsSection.css"
A,oc-totals__num--subtotal,1,0,"src/components/checkout/OrderItemsSection.css"
A,oc-totals__row,6,0,"src/components/checkout/OrderItemsSection.css"
A,oc-totals__row--discount,1,0,"src/components/checkout/OrderItemsSection.css"
A,oc-totals__row--grand,1,0,"src/components/checkout/OrderItemsSection.css"
A,oc-totals__tax,1,0,"src/components/checkout/OrderItemsSection.css"
A,ocp-actions,3,0,"src/components/checkout/OrderCompletePage.css"
A,ocp-body,7,0,"src/app/globals.css|src/components/checkout/OrderCompletePage.css"
A,ocp-body--editorial,1,0,"src/components/checkout/OrderCompletePage.css"
A,ocp-btn-primary,4,0,"src/app/globals.css|src/components/checkout/OrderCompletePage.css"
A,ocp-btn-secondary,4,0,"src/components/checkout/OrderCompletePage.css"
A,ocp-enter,4,0,"src/components/checkout/OrderCompletePage.css"
A,ocp-inner,3,0,"src/components/checkout/OrderCompletePage.css"
A,ocp-subtitle,2,0,"src/components/checkout/OrderCompletePage.css"
A,ocp-title,2,0,"src/components/checkout/OrderCompletePage.css"
A,oir,3,0,"src/components/checkout/OrderItemsSection.css|src/components/order/OrderItemRow.css"
A,oir__category,2,0,"src/components/order/OrderItemRow.css"
A,oir__delete,1,0,"src/components/order/OrderItemRow.css"
A,oir__info,2,0,"src/components/order/OrderItemRow.css"
A,oir__meta,2,0,"src/components/order/OrderItemRow.css"
A,oir__name,2,0,"src/components/order/OrderItemRow.css"
A,oir__price,1,0,"src/components/order/OrderItemRow.css"
A,oir__right,2,0,"src/components/order/OrderItemRow.css"
A,oir__stepper,5,0,"src/components/order/OrderItemRow.css"
A,oir__stepper-btn,2,0,"src/components/order/OrderItemRow.css"
A,oir__stepper-num,1,0,"src/components/order/OrderItemRow.css"
A,oir__thumb,4,0,"src/components/order/OrderItemRow.css"
A,option-chip,9,2,"src/components/product/ProductDetailPage.css"
A,option-chip--disabled,1,2,"src/components/product/ProductDetailPage.css"
A,option-chip--selected,1,2,"src/components/product/ProductDetailPage.css"
A,option-chip-badge,1,2,"src/components/product/ProductDetailPage.css"
A,option-chip-group,1,2,"src/components/product/ProductDetailPage.css"
A,option-chip-label,1,2,"src/components/product/ProductDetailPage.css"
A,option-chip-list,1,2,"src/components/product/ProductDetailPage.css"
A,option-chip-main,1,2,"src/components/product/ProductDetailPage.css"
A,option-chip-sub,1,2,"src/components/product/ProductDetailPage.css"
A,order-item-badges,1,0,"src/components/order/OrderItemCard.css"
A,order-item-card,1,0,"src/components/order/OrderItemCard.css"
A,order-item-category,1,0,"src/components/order/OrderItemCard.css"
A,order-item-img,1,0,"src/components/order/OrderItemCard.css"
A,order-item-info,1,0,"src/components/order/OrderItemCard.css"
A,order-item-meta,2,0,"src/components/order/OrderItemCard.css"
A,order-item-meta-inline,1,0,"src/components/order/OrderItemCard.css"
A,order-item-name,2,0,"src/components/order/OrderItemCard.css"
A,order-item-name-kr,1,0,"src/components/order/OrderItemCard.css"
A,order-item-price,2,0,"src/components/order/OrderItemCard.css"
A,order-item-qty,2,0,"src/components/order/OrderItemCard.css"
A,page-bg,6,0,"src/app/globals.css"
A,page-filter-wrap,2,0,"src/components/ui/PageTitle.css"
A,page-loading-shell,4,0,"src/app/globals.css"
A,page-loading-shell--dark,1,0,"src/app/globals.css"
A,page-subtitle,4,0,"src/components/cafe/CafeMenuPage.css|src/components/gooddays/GoodDaysPage.css|src/components/ui/PageTitle.css"
A,page-title,17,0,"src/components/auth/MyPagePage.css|src/components/ui/PageTitle.css"
A,page-title-area,7,0,"src/components/auth/mypage/HeroGreeting.css|src/components/ui/PageTitle.css"
A,pd-accordion,6,0,"src/app/globals.css|src/components/legal/LegalPage.css"
A,pd-accordion-body,1,0,"src/app/globals.css|src/components/legal/LegalPage.css"
A,pd-accordion-hd,1,0,"src/app/globals.css"
A,pd-accordion-icon,1,0,"src/app/globals.css"
A,pd-accordion-label,1,0,"src/app/globals.css"
A,pd-cart-btn-label,1,0,"src/components/product/ProductDetailPage.css"
A,pd-cart-btn-price,1,0,"src/components/product/ProductDetailPage.css"
A,pd-cart-btn-sep,1,0,"src/components/product/ProductDetailPage.css"
A,pd-chapter,16,0,"src/components/product/ProductDetailPage.css"
A,pd-chapter-brewing,2,0,"src/components/product/ProductDetailPage.css"
A,pd-chapter-detail,1,0,"src/components/product/ProductDetailPage.css"
A,pd-chapter-eyebrow,2,0,"src/components/product/ProductDetailPage.css"
A,pd-chapter-h2,2,0,"src/components/product/ProductDetailPage.css"
A,pd-chapter-header,2,0,"src/components/product/ProductDetailPage.css"
A,pd-chapter-tasting,2,0,"src/components/product/ProductDetailPage.css"
A,pd-drip-step,1,0,"src/components/product/ProductDetailPage.css"
A,pd-drip-step-body,1,0,"src/components/product/ProductDetailPage.css"
A,pd-drip-tip,3,0,"src/components/product/ProductDetailPage.css"
A,pd-drip-tip-label,1,0,"src/components/product/ProductDetailPage.css"
A,pd-drip-tip-text,1,0,"src/components/product/ProductDetailPage.css"
A,pd-dropdown-hint,2,0,"src/app/globals.css"
A,pd-dropdown-option,2,0,"src/app/globals.css|src/components/product/ProductDetailPage.css"
A,pd-dropdown-panel,3,0,"src/app/globals.css|src/components/auth/MyPagePage.css"
A,pd-flavor-desc,1,0,"src/components/product/ProductDetailPage.css"
A,pd-flavor-section-label,1,0,"src/components/product/ProductDetailPage.css"
A,pd-icon-v,1,0,"src/app/globals.css"
A,pd-input-box,2,0,"src/components/product/ProductDetailPage.css"
A,pd-input-box-chevron,1,0,"src/components/product/ProductDetailPage.css"
A,pd-name-en,1,0,"src/components/product/ProductDetailPage.css"
A,pd-note-tag,2,0,"src/components/product/ProductDetailPage.css"
A,pd-note-tag-en,1,0,"src/components/product/ProductDetailPage.css"
A,pd-product-info-body,1,0,"src/app/globals.css"
A,pd-purchase,2,0,"src/components/product/ProductDetailPage.css"
A,pd-purchase--disabled,1,0,"src/components/product/ProductDetailPage.css"
A,pd-qty-icon,3,0,"src/components/product/ProductDetailPage.css"
A,pd-qty-icon--disabled,1,0,"src/components/product/ProductDetailPage.css"
A,pd-qty-stepper,1,0,"src/components/product/ProductDetailPage.css"
A,pd-radar-canvas,1,0,"src/components/product/ProductDetailPage.css"
A,pd-radar-wrap,1,0,"src/components/product/ProductDetailPage.css"
A,pd-recipe-body,1,0,"src/components/product/ProductDetailPage.css"
A,pd-recipe-card,3,0,"src/components/product/ProductDetailPage.css"
A,pd-recipe-card--split,1,0,"src/components/product/ProductDetailPage.css"
A,pd-recipe-dd,4,0,"src/components/product/ProductDetailPage.css"
A,pd-recipe-dt,4,0,"src/components/product/ProductDetailPage.css"
A,pd-recipe-illust,2,0,"src/components/product/ProductDetailPage.css"
A,pd-recipe-method,2,0,"src/components/product/ProductDetailPage.css"
A,pd-recipe-table,1,0,"src/components/product/ProductDetailPage.css"
A,pd-recipe-text,1,0,"src/components/product/ProductDetailPage.css"
A,pd-roast-desc,1,0,"src/components/product/ProductDetailPage.css"
A,pd-roast-pin,1,0,"src/components/product/ProductDetailPage.css"
A,pd-roast-section-label,1,0,"src/components/product/ProductDetailPage.css"
A,pd-roast-tick,2,0,"src/components/product/ProductDetailPage.css"
A,pd-roast-tick--active,1,0,"src/components/product/ProductDetailPage.css"
A,pd-roast-ticks,1,0,"src/components/product/ProductDetailPage.css"
A,pd-roast-track,2,0,"src/components/product/ProductDetailPage.css"
A,pd-sub-box,3,0,"src/components/product/ProductDetailPage.css"
A,pd-sub-box--checked,1,0,"src/components/product/ProductDetailPage.css"
A,pd-sub-checkbox-box,1,0,"src/components/product/ProductDetailPage.css"
A,pd-sub-cycle-panel,1,0,"src/components/product/ProductDetailPage.css"
A,pd-sub-cycle-trigger,1,0,"src/components/product/ProductDetailPage.css"
A,pd-sub-toggle,2,0,"src/components/product/ProductDetailPage.css"
A,pd-sub-toggle-label,1,0,"src/components/product/ProductDetailPage.css"
A,pd-tasting-disclaimer,4,0,"src/components/product/ProductDetailPage.css"
A,pd-tasting-disclaimer--after,1,0,"src/components/product/ProductDetailPage.css"
A,pd-tasting-disclaimer--inline,1,0,"src/components/product/ProductDetailPage.css"
A,pd-tasting-info,1,0,"src/components/product/ProductDetailPage.css"
A,pd-tasting-radar,1,0,"src/components/product/ProductDetailPage.css"
A,pd-yarl--with-thumbs,1,0,"src/components/product/ProductDetailPage.css"
A,pd-yarl-slide-bg,1,0,"src/components/product/ProductDetailPage.css"
A,pd-yarl-thumb-bg,1,0,"src/components/product/ProductDetailPage.css"
A,pd-yarl-wrap,3,0,"src/components/product/ProductDetailPage.css"
A,root,41,0,"src/app/globals.css"
A,search-highlight,1,0,"src/components/search/SearchPage.css"
A,search-icon,1,0,"src/components/search/SearchPage.css"
A,search-no-results,4,0,"src/components/search/SearchPage.css"
A,search-no-results-hint,2,0,"src/components/search/SearchPage.css"
A,search-page-inner,2,0,"src/components/search/SearchPage.css"
A,search-page-wrap,2,0,"src/components/search/SearchPage.css"
A,search-query-label,1,0,"src/components/search/SearchPage.css"
A,shipping-gauge,4,0,"src/app/globals.css|src/components/cart/CartDrawer.css"
A,shipping-gauge-fill,2,0,"src/app/globals.css"
A,sig-bleed,2,0,"src/components/home/SignatureChapterView.css"
A,sig-iframe,4,0,"src/components/home/SignatureChapterView.css"
A,sig-section,1,0,"src/components/home/SignatureChapterView.css"
A,skel,75,0,"src/app/globals.css"
A,sp-card,48,0,"src/components/shop/ShopPage.css"
A,sp-card--highlight,1,0,"src/components/shop/ShopPage.css"
A,sp-card-badge,7,0,"src/app/globals.css|src/components/product/ProductDetailPage.css|src/components/shop/ShopPage.css"
A,sp-card-img,1,0,"src/components/shop/ShopPage.css"
A,sp-card-info,8,0,"src/components/shop/ShopPage.css"
A,sp-card-name,4,0,"src/components/shop/ShopPage.css"
A,sp-card-price,4,0,"src/components/shop/ShopPage.css"
A,sp-card-thumb,10,0,"src/components/search/SearchPage.css|src/components/shop/ShopPage.css"
A,sp-filter-tab,3,0,"src/components/shop/ShopPage.css"
A,sp-grid,8,0,"src/components/shop/ShopPage.css"
A,sp-grid--bean,2,0,"src/components/shop/ShopPage.css"
A,sp-grid--drip,2,0,"src/components/shop/ShopPage.css"
A,sp-page-bg,2,0,"src/components/shop/ShopPage.css"
A,sp-pg-arrow,4,0,"src/app/globals.css"
A,sp-pg-btn,2,0,"src/app/globals.css"
A,sp-row,14,0,"src/components/shop/ShopPage.css"
A,sp-row-eyebrow,2,0,"src/components/shop/ShopPage.css"
A,sp-row-header,8,0,"src/components/shop/ShopPage.css"
A,sp-row-header--enter,4,0,"src/components/shop/ShopPage.css"
A,sp-skel-card,4,0,"src/app/globals.css"
A,sp-skel-filter,3,0,"src/app/globals.css"
A,sp-skel-name,4,0,"src/app/globals.css"
A,sp-skel-price,4,0,"src/app/globals.css"
A,sp-skel-tab,3,0,"src/app/globals.css"
A,sp-skel-thumb,4,0,"src/app/globals.css"
A,sp-tab-label,1,0,"src/components/shop/ShopPage.css"
A,spec-footer,5,0,"src/components/product/ProductDetailPage.css"
A,spec-footer-cert,2,0,"src/components/product/ProductDetailPage.css"
A,spec-footer-cert-item,1,0,"src/components/product/ProductDetailPage.css"
A,spec-footer-notice,1,0,"src/components/product/ProductDetailPage.css"
A,spec-footer-notices,1,0,"src/components/product/ProductDetailPage.css"
A,spec-label,1,0,"src/components/product/ProductDetailPage.css"
A,spec-row,2,0,"src/components/product/ProductDetailPage.css"
A,spec-row--full,1,0,"src/components/product/ProductDetailPage.css"
A,spec-table,3,0,"src/components/product/ProductDetailPage.css"
A,spec-table-grid,2,0,"src/components/product/ProductDetailPage.css"
A,spec-table-grid--has-footer,1,0,"src/components/product/ProductDetailPage.css"
A,spec-value,1,0,"src/components/product/ProductDetailPage.css"
A,sr--ew,7,0,"src/app/globals.css"
A,sr--visible,11,0,"src/app/globals.css"
A,sr-card,6,0,"src/components/search/SearchPage.css"
A,sr-card-legal-desc,1,0,"src/components/search/SearchPage.css"
A,sr-grid,3,0,"src/components/search/SearchPage.css"
A,sr-img,9,0,"src/app/globals.css"
A,sr-only,17,0,"src/app/globals.css|src/components/cafe/CafeMenuPage.css"
A,sr-row,8,0,"src/components/search/SearchPage.css"
A,sr-row-count,1,0,"src/components/search/SearchPage.css"
A,sr-row-eyebrow,1,0,"src/components/search/SearchPage.css"
A,sr-row-header,3,0,"src/components/search/SearchPage.css"
A,sr-rows,3,0,"src/components/search/SearchPage.css"
A,sr-txt,56,0,"src/app/globals.css"
A,sr-txt--d1,8,0,"src/app/globals.css"
A,sr-txt--d2,9,0,"src/app/globals.css"
A,sr-txt--d3,7,0,"src/app/globals.css"
A,sr-txt--d4,2,0,"src/app/globals.css"
A,st-col-body,1,1,"src/components/story/StoryPage.css"
A,st-col-heading,1,1,"src/components/story/StoryPage.css"
A,st-col-img,1,1,"src/components/story/StoryPage.css"
A,st-col-txt,1,1,"src/components/story/StoryPage.css"
A,st-hero,5,1,"src/components/story/StoryPage.css"
A,st-hero-bg,1,1,"src/components/story/StoryPage.css"
A,st-hero-content,1,1,"src/components/story/StoryPage.css"
A,st-hero-en,1,1,"src/components/story/StoryPage.css"
A,st-hero-kr,1,1,"src/components/story/StoryPage.css"
A,st-img-placeholder,1,1,"src/components/story/StoryPage.css"
A,st-label,3,1,"src/app/globals.css|src/components/story/StoryPage.css"
A,st-location,7,1,"src/components/story/StoryPage.css"
A,st-location-hours,1,1,"src/app/globals.css|src/components/story/StoryPage.css"
A,st-location-info,1,1,"src/app/globals.css|src/components/story/StoryPage.css"
A,st-location-inner,1,1,"src/components/story/StoryPage.css"
A,st-location-map,1,1,"src/components/story/StoryPage.css"
A,st-location-name,1,1,"src/components/story/StoryPage.css"
A,st-location-notice,1,1,"src/app/globals.css|src/components/story/StoryPage.css"
A,st-map-overlay,6,1,"src/components/story/StoryPage.css"
A,st-map-overlay-actions,1,1,"src/components/story/StoryPage.css"
A,st-map-overlay-btn,3,1,"src/app/globals.css|src/components/story/StoryPage.css"
A,st-map-overlay-btn--primary,1,1,"src/app/globals.css|src/components/story/StoryPage.css"
A,st-map-overlay-name,1,1,"src/components/story/StoryPage.css"
A,st-promise,4,1,"src/app/globals.css|src/components/story/StoryPage.css"
A,st-promise-body,1,1,"src/components/story/StoryPage.css"
A,st-promise-heading,1,1,"src/components/story/StoryPage.css"
A,st-promise-inner,1,1,"src/components/story/StoryPage.css"
A,st-two-col,3,1,"src/components/story/StoryPage.css"
A,st-two-col--reverse,1,1,"src/components/story/StoryPage.css"
A,st-two-col-inner,1,1,"src/components/story/StoryPage.css"
A,story-body,1,0,"src/components/home/HomePage.css"
A,story-chapter,1,0,"src/components/home/HomePage.css"
A,story-cta-row,1,0,"src/components/home/HomePage.css"
A,story-gd__card,1,0,"src/components/home/HomePage.css"
A,story-gd__grid,1,0,"src/components/home/HomePage.css"
A,story-gd__h,1,0,"src/components/home/HomePage.css"
A,story-gd__head,1,0,"src/components/home/HomePage.css"
A,story-gd__img,1,0,"src/components/home/HomePage.css"
A,story-h,1,0,"src/components/home/HomePage.css"
A,story-h__line,3,0,"src/components/home/HomePage.css"
A,story-h__line--bold,1,0,"src/components/home/HomePage.css"
A,story-img,1,0,"src/components/home/HomePage.css"
A,story-img__inner,1,0,"src/components/home/HomePage.css"
A,story-stage__inner,2,0,"src/components/home/HomePage.css"
A,story-stage--cream,1,0,"src/components/home/HomePage.css"
A,story-stage--dark,1,0,"src/components/home/HomePage.css"
A,story-txt,1,0,"src/components/home/HomePage.css"
A,two-col,4,0,"src/app/globals.css"
B,bi-check-group,0,0,"src/components/biz/BizInquiryPage.css"
B,bi-check-item,0,0,"src/components/biz/BizInquiryPage.css"
B,bi-check-label,0,0,"src/components/biz/BizInquiryPage.css"
B,bi-check-row,0,0,"src/components/biz/BizInquiryPage.css"
B,bi-note-icon,0,0,"src/components/biz/BizInquiryPage.css"
B,blk--bg-warm,0,0,"src/app/globals.css"
B,blk-header,0,0,"src/components/home/HomePage.css"
B,blk-heading,0,0,"src/components/home/HomePage.css"
B,cat-arrow,0,0,"src/app/globals.css|src/components/home/HomePage.css"
B,cat-card,0,0,"src/app/globals.css|src/components/home/HomePage.css"
B,cat-card-clip,0,0,"src/components/home/HomePage.css"
B,cat-desc,0,0,"src/components/home/HomePage.css"
B,cat-grid,0,0,"src/app/globals.css|src/components/home/HomePage.css"
B,cat-img,0,0,"src/app/globals.css|src/components/home/HomePage.css"
B,cat-img-inner,0,0,"src/app/globals.css|src/components/home/HomePage.css"
B,cat-overlay,0,0,"src/components/home/HomePage.css"
B,cat-title,0,0,"src/components/home/HomePage.css"
B,chp-coupon-arrow,0,0,"src/app/globals.css"
B,chp-coupon-row,0,0,"src/app/globals.css"
B,chp-dropdown-list,0,0,"src/app/globals.css"
B,chp-dropdown-option,0,0,"src/app/globals.css"
B,chp-dropdown-value,0,0,"src/app/globals.css"
B,chp-error-msg,0,0,"src/app/globals.css"
B,chp-field-row,0,0,"src/app/globals.css"
B,chp-link,0,0,"src/app/globals.css"
B,cm-badge-temp,0,0,"src/components/cafe/CafeMenuPage.css"
B,cm-meta-badge--signature,0,0,"src/components/cafe/CafeMenuPage.css"
B,cm-temp-badges,0,0,"src/components/cafe/CafeMenuPage.css"
B,cm-temp-hot-only,0,0,"src/components/cafe/CafeMenuPage.css"
B,cm-temp-ice-only,0,0,"src/components/cafe/CafeMenuPage.css"
B,cm-temp-warm,0,0,"src/components/cafe/CafeMenuPage.css"
B,cns-title-badge,0,0,"src/components/cafe/CafeMenuPage.css"
B,ed-h2,0,0,"src/components/home/HomePage.css"
B,gtr-admin-progress-indet,0,0,"src/app/admin/admin-theme.css"
B,gtr-hairline,0,0,"src/app/admin/admin-theme.css"
B,lp-demo-fill-btn,0,0,"src/components/auth/LoginPage.css"
B,lp-guest-buy-box,0,0,"src/components/auth/LoginPage.css"
B,lp-guest-buy-btn,0,0,"src/app/globals.css|src/components/auth/LoginPage.css"
B,lp-guest-buy-desc,0,0,"src/components/auth/LoginPage.css"
B,mp-addr-empty,0,0,"src/components/auth/MyPagePage.css"
B,mp-section-title,0,0,"src/components/auth/MyPagePage.css"
B,mp-sub-unsubscribe,0,0,"src/components/auth/MyPagePage.css"
B,ocp-copy-btn,0,0,"src/components/checkout/OrderCompletePage.css"
B,ocp-email-notice,0,0,"src/components/checkout/OrderCompletePage.css"
B,ocp-eyebrow,0,0,"src/components/checkout/OrderCompletePage.css"
B,ocp-order-num,0,0,"src/components/checkout/OrderCompletePage.css"
B,ocp-temp-fallback,0,0,"src/components/checkout/OrderCompletePage.css"
B,pd-drip-icon-item,0,0,"src/components/product/ProductDetailPage.css"
B,pd-drip-icons,0,0,"src/components/product/ProductDetailPage.css"
B,pd-drip-step-num,0,0,"src/components/product/ProductDetailPage.css"
B,pd-drip-step-text,0,0,"src/components/product/ProductDetailPage.css"
B,pd-dropdown-option-soldout,0,0,"src/components/product/ProductDetailPage.css"
B,pd-info-section,0,0,"src/components/product/ProductDetailPage.css"
B,pd-input-box-trigger,0,0,"src/components/product/ProductDetailPage.css"
B,pd-section-intro,0,0,"src/components/product/ProductDetailPage.css"
B,pd-section-title,0,0,"src/components/product/ProductDetailPage.css"
B,pd-sub-cycle-preview,0,0,"src/components/product/ProductDetailPage.css"
B,search-clear-btn,0,0,"src/components/search/SearchPage.css"
B,search-input-row,0,0,"src/components/search/SearchPage.css"
B,section-cta,0,0,"src/app/globals.css"
C,cm-meta-badge--rank-1,0,1,"src/components/cafe/CafeMenuPage.css"
C,cm-meta-badge--rank-2,0,1,"src/components/cafe/CafeMenuPage.css"
C,cm-meta-badge--rank-3,0,1,"src/components/cafe/CafeMenuPage.css"
C,cns-temp-pill--hot,0,1,"src/components/cafe/CafeMenuPage.css"
C,cns-temp-pill--ice,0,1,"src/components/cafe/CafeMenuPage.css"
C,cns-temp-pill--warm,0,1,"src/components/cafe/CafeMenuPage.css"
C,gd-tap-flash--next,0,1,"src/components/gooddays/GoodDaysPage.css"
C,gd-tap-flash--prev,0,1,"src/components/gooddays/GoodDaysPage.css"
C,img-beverage,0,1,"src/components/home/HomePage.css"
C,img-coffee,0,1,"src/components/home/HomePage.css"
C,img-dessert,0,1,"src/components/home/HomePage.css"
C,lineup-grid--bean,0,1,"src/components/home/HomePage.css"
C,lineup-grid--drip,0,1,"src/components/home/HomePage.css"
C,st-map-overlay-close,0,1,"src/components/story/StoryPage.css"
L,yarl__container,0,0,"src/components/product/ProductDetailPage.css"
L,yarl__navigation_next,0,0,"src/components/gooddays/GoodDaysPage.css|src/components/product/ProductDetailPage.css"
L,yarl__navigation_prev,0,0,"src/components/gooddays/GoodDaysPage.css|src/components/product/ProductDetailPage.css"
L,yarl__slide,0,0,"src/components/product/ProductDetailPage.css"
L,yarl__thumbnails_container,0,0,"src/components/product/ProductDetailPage.css"
L,yarl__thumbnails_thumbnail,0,0,"src/components/product/ProductDetailPage.css"
L,yarl__thumbnails_thumbnail_active,0,0,"src/components/product/ProductDetailPage.css"
L,yarl__thumbnails_wrapper,0,0,"src/components/product/ProductDetailPage.css"
L,yarl__toolbar,1,0,"src/components/gooddays/GoodDaysPage.css"